{
    "realtime": {
        "title": "Realtime",
        "description": "This example demonstrates using  charts library to do client side time series processing.",
        "tags": ["Realtime", "BarChart", "ScatterChart", "pondjs"]
    },
    "barchart": {
        "title": "Simple BarChart",
        "description": "This example shows a simple BarChart.",
        "tags": ["BarChart", "pondjs"]
    },
    "baselines": {
        "title": "Baseline demo",
        "description": "This example demonstrates drawing multiple Baselines across a LineChart.",
        "tags": ["LineChart", "pondjs", "Baseline"]
    },
    "continents": {
        "title": "Stacked AreaCharts",
        "description": "This example demonstrates stacking of AreaCharts along with use of the Styler.",
        "tags": ["Areachart", "Legend", "styler"]
    },
    "currency": {
        "title": "Currency example",
        "description": "This example demonstrates plotting multiple LineCharts on top of each other. The LineCharts are selectable and the time scale can be panned and zoomed.",
        "tags": ["LineChart", "Baseline", "Legend", "styler", "panzoom", "selectable"]
    },
    "cycling": {
        "title": "Cycling example",
        "description": "A multi-channel visualization of a bike ride. Features pan and zoom and brushing.",
        "tags": ["LineChart", "AreaChart", "BoxChart", "Legend", "styler", "panzoom", "Brush", "channels", "infobox", "TimeMarker"]
    },
    "ddos": {
        "title": "DDoS attack",
        "description": "LineChart featuring scale transitions and interactive legend",
        "tags": ["LineChart", "Legend", "styler"]
    },
    "outages": {
        "title": "Outage events",
        "description": "Example showing the experimental EventChart.",
        "tags": ["LabelAxis", "EventChart", "panzoom"]
    },
    "stockchart": {
        "title": "Stockchart",
        "description": "Example in progress to build a stock chart. Demonstrates log to linear scale transitions.",
        "tags": ["LineChart", "BarChart", "panzoom"]
    },
    "traffic": {
        "title": "Network Traffics",
        "description": "Displaying network traffic.",
        "tags": ["AreaChart", "panzoom"]
    },
    "weather": {
        "title": "Weather example",
        "description": "Storm visualized as a multi-row chart.",
        "tags": ["AreaChart", "LineChart", "ScatterChart"]
    },
    "wind": {
        "title": "Wind Scatter example",
        "description": "Basic scatter chart example.",
        "tags": ["ScatterChart"]
    },
    "volume": {
        "title": "BarChart example",
        "description": "Bar chart examples using traffic volume data.",
        "tags": ["BarChart"]
    },
    "nyc": {
        "title": "NYC temperature example",
        "description": "Box plot example using NYC temperature data over 1 year. It shows the historical max and min temperature vs actual temperature range.",
        "tags": ["BoxChart"]
    },
    "climate": {
        "title": "Climate temperature data",
        "description": "Change in global surface temperature relative to 1951-1980 average temperatures",
        "tags": ["Baseline", "LineChart", "ScatterChart", "EventMarker"]
    }
}