[
 {"year": 1880, "value": -0.20, "fiveyr":  -0.13},
 {"year": 1881, "value": -0.12, "fiveyr":  -0.16},
 {"year": 1882, "value": -0.10, "fiveyr":  -0.19},
 {"year": 1883, "value": -0.21, "fiveyr":  -0.21},
 {"year": 1884, "value": -0.28, "fiveyr":  -0.24},
 {"year": 1885, "value": -0.32, "fiveyr":  -0.26},
 {"year": 1886, "value": -0.31, "fiveyr":  -0.27},
 {"year": 1887, "value": -0.33, "fiveyr":  -0.27},
 {"year": 1888, "value": -0.20, "fiveyr":  -0.27},
 {"year": 1889, "value": -0.12, "fiveyr":  -0.26},
 {"year": 1890, "value": -0.37, "fiveyr":  -0.26},
 {"year": 1891, "value": -0.24, "fiveyr":  -0.26},
 {"year": 1892, "value": -0.27, "fiveyr":  -0.27},
 {"year": 1893, "value": -0.30, "fiveyr":  -0.26},
 {"year": 1894, "value": -0.31, "fiveyr":  -0.24},
 {"year": 1895, "value": -0.21, "fiveyr":  -0.22},
 {"year": 1896, "value": -0.15, "fiveyr":  -0.21},
 {"year": 1897, "value": -0.11, "fiveyr":  -0.18},
 {"year": 1898, "value": -0.28, "fiveyr":  -0.17},
 {"year": 1899, "value": -0.16, "fiveyr":  -0.17},
 {"year": 1900, "value": -0.09, "fiveyr":  -0.20},
 {"year": 1901, "value": -0.15, "fiveyr":  -0.23},
 {"year": 1902, "value": -0.27, "fiveyr":  -0.25},
 {"year": 1903, "value": -0.35, "fiveyr":  -0.28},
 {"year": 1904, "value": -0.44, "fiveyr":  -0.31},
 {"year": 1905, "value": -0.28, "fiveyr":  -0.34},
 {"year": 1906, "value": -0.23, "fiveyr":  -0.36},
 {"year": 1907, "value": -0.40, "fiveyr":  -0.38},
 {"year": 1908, "value": -0.43, "fiveyr":  -0.39},
 {"year": 1909, "value": -0.47, "fiveyr":  -0.41},
 {"year": 1910, "value": -0.42, "fiveyr":  -0.41},
 {"year": 1911, "value": -0.44, "fiveyr":  -0.38},
 {"year": 1912, "value": -0.35, "fiveyr":  -0.34},
 {"year": 1913, "value": -0.34, "fiveyr":  -0.32},
 {"year": 1914, "value": -0.16, "fiveyr":  -0.30},
 {"year": 1915, "value": -0.11, "fiveyr":  -0.29},
 {"year": 1916, "value": -0.34, "fiveyr":  -0.27},
 {"year": 1917, "value": -0.40, "fiveyr":  -0.27},
 {"year": 1918, "value": -0.26, "fiveyr":  -0.27},
 {"year": 1919, "value": -0.22, "fiveyr":  -0.27},
 {"year": 1920, "value": -0.27, "fiveyr":  -0.26},
 {"year": 1921, "value": -0.21, "fiveyr":  -0.25},
 {"year": 1922, "value": -0.28, "fiveyr":  -0.25},
 {"year": 1923, "value": -0.24, "fiveyr":  -0.24},
 {"year": 1924, "value": -0.28, "fiveyr":  -0.23},
 {"year": 1925, "value": -0.21, "fiveyr":  -0.22},
 {"year": 1926, "value": -0.10, "fiveyr":  -0.21},
 {"year": 1927, "value": -0.21, "fiveyr":  -0.21},
 {"year": 1928, "value": -0.21, "fiveyr":  -0.19},
 {"year": 1929, "value": -0.36, "fiveyr":  -0.19},
 {"year": 1930, "value": -0.15, "fiveyr":  -0.19},
 {"year": 1931, "value": -0.09, "fiveyr":  -0.19},
 {"year": 1932, "value": -0.17, "fiveyr":  -0.18},
 {"year": 1933, "value": -0.28, "fiveyr":  -0.17},
 {"year": 1934, "value": -0.14, "fiveyr":  -0.16},
 {"year": 1935, "value": -0.20, "fiveyr":  -0.14},
 {"year": 1936, "value": -0.15, "fiveyr":  -0.12},
 {"year": 1937, "value": -0.03, "fiveyr":  -0.08},
 {"year": 1938, "value": -0.03, "fiveyr":  -0.03},
 {"year": 1939, "value": -0.03, "fiveyr":   0.01},
 {"year": 1940, "value":  0.08, "fiveyr":   0.05},
 {"year": 1941, "value":  0.12, "fiveyr":   0.08},
 {"year": 1942, "value":  0.09, "fiveyr":   0.11},
 {"year": 1943, "value":  0.13, "fiveyr":   0.11},
 {"year": 1944, "value":  0.25, "fiveyr":   0.09},
 {"year": 1945, "value":  0.12, "fiveyr":   0.06},
 {"year": 1946, "value": -0.04, "fiveyr":   0.02},
 {"year": 1947, "value": -0.05, "fiveyr":  -0.02},
 {"year": 1948, "value": -0.09, "fiveyr":  -0.06},
 {"year": 1949, "value": -0.09, "fiveyr":  -0.08},
 {"year": 1950, "value": -0.18, "fiveyr":  -0.07},
 {"year": 1951, "value": -0.07, "fiveyr":  -0.07},
 {"year": 1952, "value":  0.01, "fiveyr":  -0.07},
 {"year": 1953, "value":  0.08, "fiveyr":  -0.08},
 {"year": 1954, "value": -0.13, "fiveyr":  -0.07},
 {"year": 1955, "value": -0.15, "fiveyr":  -0.06},
 {"year": 1956, "value": -0.20, "fiveyr":  -0.05},
 {"year": 1957, "value":  0.04, "fiveyr":  -0.04},
 {"year": 1958, "value":  0.07, "fiveyr":  -0.01},
 {"year": 1959, "value":  0.03, "fiveyr":   0.01},
 {"year": 1960, "value": -0.02, "fiveyr":   0.03},
 {"year": 1961, "value":  0.05, "fiveyr":   0.02},
 {"year": 1962, "value":  0.03, "fiveyr":  -0.01},
 {"year": 1963, "value":  0.06, "fiveyr":  -0.02},
 {"year": 1964, "value": -0.20, "fiveyr":  -0.03},
 {"year": 1965, "value": -0.10, "fiveyr":  -0.04},
 {"year": 1966, "value": -0.05, "fiveyr":  -0.05},
 {"year": 1967, "value": -0.02, "fiveyr":  -0.04},
 {"year": 1968, "value": -0.07, "fiveyr":  -0.03},
 {"year": 1969, "value":  0.07, "fiveyr":  -0.01},
 {"year": 1970, "value":  0.02, "fiveyr":  -0.00},
 {"year": 1971, "value": -0.09, "fiveyr":   0.00},
 {"year": 1972, "value":  0.01, "fiveyr":  -0.00},
 {"year": 1973, "value":  0.15, "fiveyr":  -0.01},
 {"year": 1974, "value": -0.07, "fiveyr":   0.00},
 {"year": 1975, "value": -0.02, "fiveyr":   0.02},
 {"year": 1976, "value": -0.11, "fiveyr":   0.04},
 {"year": 1977, "value":  0.18, "fiveyr":   0.07},
 {"year": 1978, "value":  0.07, "fiveyr":   0.12},
 {"year": 1979, "value":  0.17, "fiveyr":   0.17},
 {"year": 1980, "value":  0.27, "fiveyr":   0.20},
 {"year": 1981, "value":  0.33, "fiveyr":   0.21},
 {"year": 1982, "value":  0.13, "fiveyr":   0.21},
 {"year": 1983, "value":  0.30, "fiveyr":   0.21},
 {"year": 1984, "value":  0.15, "fiveyr":   0.21},
 {"year": 1985, "value":  0.12, "fiveyr":   0.22},
 {"year": 1986, "value":  0.19, "fiveyr":   0.25},
 {"year": 1987, "value":  0.33, "fiveyr":   0.28},
 {"year": 1988, "value":  0.41, "fiveyr":   0.32},
 {"year": 1989, "value":  0.28, "fiveyr":   0.34},
 {"year": 1990, "value":  0.44, "fiveyr":   0.34},
 {"year": 1991, "value":  0.43, "fiveyr":   0.34},
 {"year": 1992, "value":  0.23, "fiveyr":   0.34},
 {"year": 1993, "value":  0.24, "fiveyr":   0.34},
 {"year": 1994, "value":  0.32, "fiveyr":   0.35},
 {"year": 1995, "value":  0.46, "fiveyr":   0.38},
 {"year": 1996, "value":  0.35, "fiveyr":   0.41},
 {"year": 1997, "value":  0.48, "fiveyr":   0.44},
 {"year": 1998, "value":  0.64, "fiveyr":   0.46},
 {"year": 1999, "value":  0.42, "fiveyr":   0.49},
 {"year": 2000, "value":  0.42, "fiveyr":   0.52},
 {"year": 2001, "value":  0.55, "fiveyr":   0.54},
 {"year": 2002, "value":  0.63, "fiveyr":   0.56},
 {"year": 2003, "value":  0.62, "fiveyr":   0.59},
 {"year": 2004, "value":  0.55, "fiveyr":   0.61},
 {"year": 2005, "value":  0.69, "fiveyr":   0.62},
 {"year": 2006, "value":  0.63, "fiveyr":   0.62},
 {"year": 2007, "value":  0.66, "fiveyr":   0.63},
 {"year": 2008, "value":  0.54, "fiveyr":   0.63},
 {"year": 2009, "value":  0.64, "fiveyr":   0.63},
 {"year": 2010, "value":  0.71, "fiveyr":   0.63},
 {"year": 2011, "value":  0.60, "fiveyr":   0.65},
 {"year": 2012, "value":  0.63, "fiveyr":   0.68},
 {"year": 2013, "value":  0.65, "fiveyr":   0.74},
 {"year": 2014, "value":  0.74, "fiveyr":   0.79},
 {"year": 2015, "value":  0.87, "fiveyr":   0.85},
 {"year": 2016, "value":  0.99, "fiveyr":   0.91}
]
